x:image, y_0:0, y_1:1, y_2:2, y_3:3, y_4:4, y_5:5, y_6:6, y_7:7, y_8:8, y_9:9
connect_0.jpg, 0, 0, 0, 0, 1, 1, 0, 0, 0, 1
connect_1.jpg, 0, 0, 1, 0, 0, 1, 1, 0, 0, 0
connect_2.jpg, 0, 0, 1, 0, 0, 0, 0, 0, 0, 1
connect_3.jpg, 0, 0, 0, 0, 0, 1, 1, 0, 0, 0
connect_4.jpg, 0, 0, 1, 0, 1, 1, 1, 0, 0, 0
connect_5.jpg, 0, 0, 0, 0, 1, 1, 1, 0, 0, 0
connect_6.jpg, 0, 0, 0, 0, 1, 1, 0, 1, 0, 1
connect_7.jpg, 0, 0, 0, 0, 0, 0, 0, 1, 1, 1
connect_8.jpg, 0, 0, 0, 0, 0, 1, 0, 0, 1, 0
connect_9.jpg, 0, 0, 1, 0, 0, 1, 0, 0, 0, 1
connect_10.jpg, 0, 0, 1, 0, 0, 1, 0, 0, 1, 0
connect_11.jpg, 0, 1, 0, 0, 0, 0, 0, 1, 0, 0
connect_12.jpg, 0, 0, 0, 0, 0, 1, 0, 1, 0, 0
connect_13.jpg, 0, 1, 1, 0, 0, 1, 0, 0, 0, 0
connect_14.jpg, 0, 0, 0, 0, 0, 1, 0, 1, 0, 0
connect_15.jpg, 0, 0, 0, 0, 0, 1, 0, 1, 0, 0
connect_16.jpg, 0, 1, 0, 0, 0, 1, 0, 1, 0, 0
connect_17.jpg, 0, 1, 0, 0, 0, 1, 0, 1, 0, 0
connect_18.jpg, 0, 0, 0, 0, 0, 1, 0, 1, 1, 0
connect_19.jpg, 0, 0, 0, 0, 0, 1, 0, 1, 0, 0
connect_20.jpg, 0, 0, 0, 0, 0, 1, 0, 1, 1, 0
connect_21.jpg, 0, 0, 0, 0, 0, 1, 0, 1, 1, 0
connect_22.jpg, 0, 0, 0, 1, 0, 1, 0, 0, 1, 0
connect_23.jpg, 0, 0, 0, 0, 1, 1, 0, 1, 0, 0
connect_24.jpg, 0, 0, 0, 0, 1, 1, 0, 1, 0, 0
connect_25.jpg, 0, 1, 0, 1, 0, 1, 0, 1, 0, 0
connect_26.jpg, 0, 0, 0, 0, 0, 1, 0, 1, 0, 0
connect_27.jpg, 0, 1, 0, 0, 0, 0, 0, 0, 0, 0
connect_28.jpg, 0, 0, 0, 0, 0, 1, 0, 1, 1, 0
connect_29.jpg, 0, 0, 0, 0, 0, 1, 0, 1, 0, 0
connect_30.jpg, 0, 0, 0, 1, 0, 1, 0, 0, 0, 0
connect_31.jpg, 0, 0, 0, 0, 0, 1, 0, 1, 0, 0
connect_32.jpg, 0, 0, 0, 0, 0, 1, 0, 1, 1, 0
connect_33.jpg, 0, 1, 0, 0, 0, 1, 0, 0, 1, 0
connect_34.jpg, 0, 1, 0, 0, 0, 1, 0, 0, 1, 0
connect_35.jpg, 0, 0, 0, 0, 0, 0, 0, 1, 1, 0
connect_36.jpg, 0, 0, 0, 0, 0, 1, 0, 1, 0, 0
connect_37.jpg, 0, 1, 0, 0, 0, 1, 0, 0, 0, 0
connect_38.jpg, 0, 1, 1, 0, 0, 0, 0, 1, 0, 0
connect_39.jpg, 0, 1, 1, 0, 0, 0, 0, 0, 1, 0
connect_40.jpg, 0, 1, 1, 0, 0, 0, 0, 0, 0, 0
connect_41.jpg, 0, 1, 1, 0, 0, 1, 0, 0, 1, 0
connect_42.jpg, 0, 1, 1, 0, 1, 0, 0, 1, 0, 0
connect_43.jpg, 0, 0, 1, 0, 0, 1, 0, 1, 0, 0
connect_44.jpg, 0, 1, 1, 0, 1, 0, 0, 0, 0, 0
connect_45.jpg, 0, 1, 0, 0, 1, 0, 0, 0, 0, 0
connect_46.jpg, 0, 1, 0, 1, 1, 0, 0, 0, 0, 0
connect_47.jpg, 0, 1, 0, 0, 1, 0, 0, 0, 0, 0
connect_48.jpg, 0, 1, 0, 0, 1, 0, 0, 0, 0, 0
connect_49.jpg, 0, 1, 0, 0, 1, 0, 0, 0, 0, 0
connect_50.jpg, 0, 1, 0, 1, 1, 0, 0, 0, 0, 0
connect_51.jpg, 0, 1, 0, 1, 1, 0, 0, 0, 0, 0
connect_52.jpg, 0, 1, 0, 1, 1, 0, 0, 0, 0, 0
connect_53.jpg, 0, 1, 0, 0, 1, 0, 0, 1, 0, 0
connect_54.jpg, 0, 1, 0, 0, 1, 0, 0, 0, 0, 0
connect_55.jpg, 0, 1, 1, 0, 0, 0, 1, 0, 0, 0
connect_56.jpg, 0, 1, 1, 0, 0, 1, 0, 0, 0, 0
connect_57.jpg, 0, 0, 1, 0, 1, 0, 0, 0, 0, 0
connect_58.jpg, 0, 1, 1, 0, 1, 1, 0, 0, 0, 0
connect_59.jpg, 0, 1, 0, 1, 0, 1, 1, 0, 0, 0
connect_60.jpg, 0, 0, 1, 0, 0, 1, 1, 0, 0, 0
connect_61.jpg, 0, 1, 1, 0, 0, 1, 0, 0, 0, 0
connect_62.jpg, 0, 0, 1, 0, 1, 1, 0, 0, 0, 1
connect_63.jpg, 0, 0, 1, 0, 0, 1, 0, 0, 0, 0
connect_64.jpg, 0, 0, 1, 0, 0, 1, 1, 0, 0, 0
connect_65.jpg, 0, 1, 1, 0, 0, 1, 0, 0, 0, 0
connect_66.jpg, 0, 1, 0, 0, 1, 1, 0, 0, 0, 0
connect_67.jpg, 0, 0, 1, 0, 0, 1, 0, 0, 0, 0
connect_68.jpg, 0, 1, 1, 0, 0, 1, 0, 0, 0, 0
connect_69.jpg, 0, 0, 1, 0, 1, 0, 1, 1, 0, 0
connect_70.jpg, 0, 1, 0, 0, 0, 0, 0, 0, 0, 0
connect_71.jpg, 0, 0, 1, 0, 1, 1, 0, 0, 0, 0
connect_72.jpg, 0, 0, 0, 0, 0, 1, 0, 1, 1, 0
connect_73.jpg, 0, 0, 1, 0, 1, 0, 1, 0, 1, 0
connect_74.jpg, 0, 0, 1, 0, 1, 1, 0, 0, 1, 0
connect_75.jpg, 0, 0, 1, 0, 0, 1, 0, 1, 0, 0
connect_76.jpg, 0, 0, 1, 0, 0, 1, 0, 1, 0, 0
connect_77.jpg, 0, 0, 1, 0, 0, 1, 1, 0, 0, 0
connect_78.jpg, 0, 0, 1, 0, 0, 1, 0, 1, 0, 0
connect_79.jpg, 0, 0, 0, 0, 0, 1, 0, 0, 1, 0
connect_80.jpg, 0, 1, 1, 0, 0, 0, 0, 0, 0, 0
connect_81.jpg, 0, 0, 0, 0, 1, 1, 0, 0, 0, 0
connect_82.jpg, 0, 1, 0, 0, 1, 0, 0, 0, 0, 0
connect_83.jpg, 0, 1, 1, 0, 0, 0, 0, 0, 0, 0
connect_84.jpg, 0, 1, 0, 0, 1, 0, 1, 0, 0, 0
connect_85.jpg, 0, 0, 0, 0, 0, 1, 1, 0, 0, 0
connect_86.jpg, 0, 0, 1, 0, 1, 1, 0, 0, 0, 1
connect_87.jpg, 0, 1, 1, 0, 1, 1, 0, 0, 0, 0
connect_88.jpg, 0, 0, 0, 0, 1, 1, 1, 0, 0, 1
connect_89.jpg, 0, 0, 1, 0, 0, 1, 0, 0, 0, 1
connect_90.jpg, 0, 1, 0, 0, 1, 1, 0, 0, 0, 1
connect_91.jpg, 0, 1, 1, 0, 0, 1, 0, 0, 0, 1
connect_92.jpg, 0, 1, 1, 0, 0, 1, 0, 0, 0, 0
connect_93.jpg, 0, 1, 0, 0, 1, 0, 0, 0, 0, 1
connect_94.jpg, 0, 1, 1, 0, 0, 1, 0, 0, 0, 0
connect_95.jpg, 0, 1, 0, 0, 1, 1, 0, 0, 0, 0
connect_96.jpg, 0, 1, 0, 0, 0, 1, 0, 0, 0, 0
connect_97.jpg, 0, 1, 0, 0, 1, 1, 1, 0, 0, 0
connect_98.jpg, 0, 1, 1, 0, 1, 0, 0, 0, 0, 0
connect_99.jpg, 0, 1, 1, 0, 1, 1, 0, 0, 0, 0
connect_100.jpg, 0, 1, 0, 0, 0, 1, 0, 0, 0, 1
connect_101.jpg, 0, 1, 0, 0, 1, 0, 1, 0, 0, 0
connect_102.jpg, 0, 1, 1, 0, 0, 1, 0, 0, 0, 0
connect_103.jpg, 0, 1, 0, 0, 0, 0, 1, 1, 0, 0
connect_104.jpg, 0, 1, 0, 0, 0, 1, 0, 0, 0, 1
connect_105.jpg, 0, 1, 0, 0, 1, 0, 0, 0, 0, 0
connect_106.jpg, 0, 1, 1, 0, 0, 1, 0, 0, 0, 0
connect_107.jpg, 0, 1, 0, 0, 1, 1, 0, 0, 0, 1
connect_108.jpg, 0, 1, 0, 0, 1, 1, 0, 0, 0, 0
connect_109.jpg, 0, 1, 0, 0, 0, 1, 1, 0, 0, 0
connect_110.jpg, 0, 0, 0, 0, 1, 1, 1, 0, 0, 1
connect_111.jpg, 0, 1, 0, 0, 1, 1, 0, 0, 0, 0
connect_112.jpg, 0, 0, 0, 0, 1, 0, 1, 1, 0, 1
connect_113.jpg, 0, 1, 0, 0, 0, 0, 0, 0, 0, 1
connect_114.jpg, 0, 1, 1, 0, 0, 1, 0, 0, 0, 0
connect_115.jpg, 0, 1, 0, 0, 0, 1, 1, 0, 0, 0
connect_116.jpg, 0, 1, 1, 0, 0, 1, 0, 0, 0, 1
connect_117.jpg, 0, 0, 1, 0, 1, 0, 1, 0, 0, 1
connect_118.jpg, 0, 1, 0, 0, 1, 1, 1, 0, 0, 0
connect_119.jpg, 0, 0, 0, 0, 0, 1, 0, 0, 0, 1
connect_120.jpg, 0, 1, 0, 0, 0, 1, 0, 0, 0, 0
connect_121.jpg, 0, 1, 0, 0, 0, 1, 1, 0, 0, 0
connect_122.jpg, 0, 0, 1, 0, 0, 0, 0, 0, 0, 0
connect_123.jpg, 0, 1, 1, 0, 0, 1, 0, 0, 0, 0
connect_124.jpg, 0, 0, 1, 0, 1, 0, 0, 1, 0, 1
connect_125.jpg, 0, 1, 0, 0, 0, 1, 0, 0, 1, 0
connect_126.jpg, 0, 0, 0, 0, 1, 0, 0, 1, 1, 0
connect_127.jpg, 0, 1, 0, 0, 0, 1, 0, 0, 0, 0
connect_128.jpg, 0, 1, 1, 0, 0, 0, 1, 0, 0, 0
connect_129.jpg, 0, 1, 1, 0, 0, 0, 0, 0, 0, 1
connect_130.jpg, 0, 0, 1, 0, 1, 1, 0, 0, 0, 1
connect_131.jpg, 0, 1, 0, 0, 1, 1, 0, 0, 0, 1
connect_132.jpg, 0, 0, 1, 0, 1, 1, 1, 0, 0, 0
connect_133.jpg, 0, 0, 1, 0, 1, 0, 1, 0, 0, 0
connect_134.jpg, 0, 1, 0, 0, 1, 1, 0, 0, 0, 1
connect_135.jpg, 0, 1, 0, 0, 1, 0, 1, 0, 0, 0
connect_136.jpg, 0, 1, 1, 0, 0, 1, 1, 0, 0, 0
connect_137.jpg, 0, 1, 0, 0, 1, 0, 1, 0, 0, 0
connect_138.jpg, 0, 0, 1, 0, 0, 1, 0, 0, 0, 0
connect_139.jpg, 0, 0, 0, 0, 1, 1, 1, 0, 0, 1
connect_140.jpg, 0, 1, 0, 0, 0, 1, 1, 0, 0, 1
connect_141.jpg, 0, 1, 0, 0, 0, 1, 0, 0, 0, 1
connect_142.jpg, 0, 1, 0, 0, 1, 1, 0, 0, 0, 0
connect_143.jpg, 0, 1, 0, 0, 1, 1, 0, 0, 0, 1
connect_144.jpg, 0, 0, 1, 0, 1, 1, 1, 0, 0, 0
connect_145.jpg, 0, 1, 0, 0, 0, 0, 0, 0, 0, 1
connect_146.jpg, 0, 1, 0, 0, 0, 1, 0, 0, 0, 0
connect_147.jpg, 0, 1, 0, 0, 1, 0, 0, 0, 0, 0
connect_148.jpg, 0, 1, 0, 0, 0, 0, 0, 0, 0, 1
connect_149.jpg, 0, 0, 1, 0, 0, 1, 0, 0, 0, 0
connect_150.jpg, 0, 1, 0, 0, 1, 1, 0, 0, 0, 1
connect_151.jpg, 0, 1, 1, 0, 0, 0, 0, 0, 1, 1
connect_152.jpg, 0, 1, 0, 0, 0, 1, 0, 0, 0, 1
connect_153.jpg, 0, 0, 1, 0, 1, 0, 0, 1, 0, 0
connect_154.jpg, 0, 1, 0, 0, 1, 0, 0, 0, 0, 0
connect_155.jpg, 0, 1, 1, 0, 0, 0, 0, 0, 0, 1
connect_156.jpg, 0, 1, 0, 0, 0, 1, 0, 0, 0, 1
connect_157.jpg, 0, 1, 1, 0, 0, 0, 0, 0, 0, 0
connect_158.jpg, 0, 1, 1, 0, 0, 1, 0, 0, 0, 1
connect_159.jpg, 0, 0, 0, 0, 1, 1, 0, 0, 0, 1
connect_160.jpg, 0, 1, 1, 0, 0, 1, 0, 0, 0, 0
connect_161.jpg, 0, 1, 0, 0, 0, 1, 0, 0, 0, 1
connect_162.jpg, 0, 0, 0, 0, 0, 1, 0, 0, 0, 1
connect_163.jpg, 0, 1, 1, 0, 0, 1, 0, 0, 0, 1
connect_164.jpg, 0, 0, 1, 0, 0, 1, 0, 0, 0, 1
connect_165.jpg, 0, 1, 0, 0, 1, 0, 0, 0, 0, 0
connect_166.jpg, 0, 1, 0, 0, 0, 0, 1, 1, 0, 0
connect_167.jpg, 0, 1, 0, 0, 1, 1, 0, 0, 0, 0
connect_168.jpg, 0, 1, 0, 0, 1, 0, 0, 0, 0, 1
connect_169.jpg, 0, 1, 0, 0, 0, 1, 0, 1, 0, 0
connect_170.jpg, 0, 1, 0, 0, 0, 1, 1, 0, 0, 0
connect_171.jpg, 0, 1, 0, 0, 0, 1, 0, 0, 1, 1
connect_172.jpg, 0, 0, 1, 0, 0, 1, 0, 0, 0, 1
connect_173.jpg, 0, 1, 0, 0, 1, 0, 1, 0, 0, 0
connect_174.jpg, 0, 0, 0, 0, 0, 1, 0, 0, 0, 1
connect_175.jpg, 0, 1, 0, 0, 1, 0, 1, 0, 0, 0
connect_176.jpg, 0, 0, 0, 0, 1, 1, 1, 0, 0, 0
connect_177.jpg, 0, 1, 0, 0, 0, 1, 1, 0, 0, 0
connect_178.jpg, 0, 0, 0, 0, 0, 1, 0, 1, 1, 0
connect_179.jpg, 0, 1, 0, 0, 0, 1, 0, 1, 0, 0
connect_180.jpg, 0, 1, 0, 0, 0, 1, 0, 1, 0, 0
connect_181.jpg, 0, 1, 1, 0, 0, 0, 0, 1, 0, 0
connect_182.jpg, 0, 1, 1, 0, 0, 0, 1, 1, 0, 0
connect_183.jpg, 0, 1, 1, 0, 1, 0, 0, 1, 0, 0
connect_184.jpg, 0, 0, 0, 0, 0, 1, 0, 1, 1, 1
connect_185.jpg, 0, 1, 0, 0, 0, 1, 0, 0, 0, 0
connect_186.jpg, 0, 0, 1, 0, 0, 0, 1, 0, 1, 0
connect_187.jpg, 0, 1, 1, 0, 0, 1, 0, 0, 0, 0
connect_188.jpg, 0, 1, 0, 0, 0, 1, 0, 1, 0, 0
connect_189.jpg, 0, 1, 0, 1, 0, 0, 0, 0, 0, 0
connect_190.jpg, 0, 1, 0, 0, 0, 0, 0, 1, 0, 0
connect_191.jpg, 0, 1, 0, 1, 1, 0, 0, 0, 0, 0
connect_192.jpg, 0, 1, 1, 0, 0, 0, 0, 0, 0, 0
connect_193.jpg, 0, 0, 0, 0, 0, 1, 0, 1, 1, 0
connect_194.jpg, 0, 0, 0, 1, 0, 1, 0, 1, 0, 0
connect_195.jpg, 0, 1, 1, 0, 0, 1, 0, 0, 0, 0
connect_196.jpg, 0, 1, 1, 0, 0, 1, 0, 0, 1, 0
connect_197.jpg, 0, 1, 1, 0, 0, 0, 0, 0, 1, 0
connect_198.jpg, 0, 1, 0, 1, 0, 0, 0, 0, 0, 0
connect_199.jpg, 0, 0, 1, 1, 0, 0, 0, 0, 0, 0
connect_200.jpg, 0, 1, 1, 1, 0, 0, 0, 0, 0, 0
connect_201.jpg, 0, 1, 1, 0, 0, 1, 0, 1, 0, 0
connect_202.jpg, 0, 1, 0, 0, 0, 0, 0, 1, 0, 0
connect_203.jpg, 0, 1, 0, 1, 0, 0, 0, 0, 0, 0
connect_204.jpg, 0, 1, 0, 0, 0, 1, 0, 1, 0, 0
connect_205.jpg, 0, 1, 0, 0, 0, 1, 0, 1, 0, 0
connect_206.jpg, 0, 1, 0, 0, 0, 1, 1, 0, 1, 0
connect_207.jpg, 0, 0, 0, 1, 0, 1, 1, 0, 0, 0
connect_208.jpg, 0, 1, 0, 0, 0, 1, 0, 1, 0, 1
connect_209.jpg, 0, 1, 1, 0, 1, 1, 0, 0, 0, 0
connect_210.jpg, 0, 1, 0, 0, 1, 0, 0, 0, 0, 0
connect_211.jpg, 0, 1, 0, 1, 0, 1, 1, 0, 0, 0
connect_212.jpg, 0, 1, 0, 0, 0, 1, 0, 1, 0, 0
connect_213.jpg, 0, 0, 0, 1, 0, 1, 0, 0, 1, 1
connect_214.jpg, 0, 1, 0, 1, 0, 1, 0, 0, 0, 0
connect_215.jpg, 0, 0, 0, 0, 0, 1, 1, 0, 1, 0
connect_216.jpg, 0, 1, 1, 0, 0, 1, 0, 0, 0, 0
connect_217.jpg, 0, 0, 0, 0, 0, 0, 0, 1, 1, 1
connect_218.jpg, 0, 0, 1, 0, 0, 1, 0, 1, 1, 0
connect_219.jpg, 0, 1, 1, 0, 0, 0, 0, 0, 0, 0
connect_220.jpg, 0, 1, 0, 0, 0, 1, 0, 1, 0, 0
connect_221.jpg, 0, 1, 0, 0, 0, 1, 0, 0, 0, 1
connect_222.jpg, 0, 1, 1, 0, 0, 1, 0, 0, 0, 1
connect_223.jpg, 0, 1, 0, 0, 0, 0, 0, 1, 1, 0
connect_224.jpg, 0, 1, 1, 0, 0, 1, 0, 0, 0, 0
connect_225.jpg, 0, 1, 1, 0, 0, 0, 0, 0, 1, 0
connect_226.jpg, 0, 1, 0, 0, 0, 1, 0, 1, 0, 0
connect_227.jpg, 0, 0, 0, 0, 0, 0, 0, 1, 1, 1
connect_228.jpg, 0, 1, 1, 0, 0, 1, 0, 0, 0, 0
connect_229.jpg, 0, 1, 0, 0, 0, 0, 0, 0, 1, 1
connect_230.jpg, 0, 1, 1, 0, 0, 0, 0, 1, 0, 0
connect_231.jpg, 0, 1, 0, 0, 0, 1, 0, 1, 0, 0
connect_232.jpg, 0, 1, 1, 0, 0, 0, 0, 0, 1, 0
connect_233.jpg, 0, 0, 0, 0, 0, 1, 0, 1, 0, 0
connect_234.jpg, 0, 1, 0, 0, 0, 0, 0, 0, 1, 1
connect_235.jpg, 0, 1, 0, 0, 0, 1, 0, 1, 1, 0
connect_236.jpg, 0, 0, 0, 0, 0, 1, 0, 1, 1, 0
connect_237.jpg, 0, 0, 0, 0, 0, 1, 0, 1, 1, 0
connect_238.jpg, 0, 1, 0, 0, 0, 1, 0, 1, 0, 0
connect_239.jpg, 0, 1, 1, 0, 0, 0, 0, 1, 1, 0
connect_240.jpg, 0, 1, 0, 0, 0, 1, 0, 1, 0, 0
connect_241.jpg, 0, 1, 0, 0, 0, 1, 0, 0, 0, 0
connect_242.jpg, 0, 1, 0, 0, 0, 1, 0, 1, 0, 0
connect_243.jpg, 0, 1, 1, 0, 0, 1, 0, 1, 0, 0
connect_244.jpg, 0, 0, 1, 1, 1, 0, 0, 1, 0, 0
connect_245.jpg, 0, 1, 1, 1, 0, 1, 0, 0, 0, 0
connect_246.jpg, 0, 0, 0, 1, 1, 0, 0, 0, 0, 0
connect_247.jpg, 0, 1, 0, 1, 1, 0, 0, 1, 0, 0
connect_248.jpg, 0, 0, 1, 1, 1, 0, 0, 0, 0, 0
connect_249.jpg, 0, 0, 1, 1, 1, 1, 0, 0, 0, 0
connect_250.jpg, 0, 0, 0, 0, 1, 0, 0, 0, 1, 0
connect_251.jpg, 0, 1, 1, 0, 1, 0, 0, 1, 0, 0
connect_252.jpg, 0, 1, 0, 1, 0, 1, 0, 1, 0, 0
connect_253.jpg, 0, 1, 0, 1, 0, 0, 0, 1, 0, 0
connect_254.jpg, 0, 1, 1, 0, 1, 0, 0, 0, 1, 0
connect_255.jpg, 0, 0, 0, 1, 1, 0, 0, 1, 1, 0
connect_256.jpg, 0, 1, 0, 0, 0, 1, 0, 1, 1, 0
connect_257.jpg, 0, 1, 0, 0, 0, 1, 0, 1, 0, 0
connect_258.jpg, 0, 0, 0, 1, 0, 0, 0, 1, 1, 0
connect_259.jpg, 0, 1, 0, 0, 0, 1, 0, 0, 0, 0
connect_260.jpg, 0, 0, 1, 0, 0, 1, 0, 1, 0, 0
connect_261.jpg, 0, 1, 0, 0, 0, 0, 0, 1, 1, 1
connect_262.jpg, 0, 1, 1, 1, 0, 0, 0, 0, 0, 0
connect_263.jpg, 0, 1, 0, 0, 0, 1, 0, 0, 0, 0
connect_264.jpg, 0, 1, 0, 0, 0, 0, 0, 1, 1, 0
connect_265.jpg, 0, 1, 0, 1, 0, 0, 0, 1, 1, 0
connect_266.jpg, 0, 1, 0, 0, 0, 1, 0, 0, 1, 0
connect_267.jpg, 0, 1, 0, 0, 0, 1, 0, 1, 0, 0
connect_268.jpg, 0, 1, 0, 0, 0, 1, 0, 0, 0, 0
connect_269.jpg, 0, 1, 0, 0, 1, 1, 0, 0, 1, 0
connect_270.jpg, 0, 1, 1, 0, 1, 0, 1, 0, 0, 0
connect_271.jpg, 0, 1, 1, 0, 0, 1, 0, 1, 0, 0
connect_272.jpg, 0, 1, 0, 0, 0, 1, 0, 0, 0, 0
connect_273.jpg, 0, 1, 1, 0, 1, 1, 0, 0, 0, 0
connect_274.jpg, 0, 1, 0, 0, 0, 1, 1, 0, 0, 0
connect_275.jpg, 0, 1, 0, 0, 0, 0, 0, 0, 0, 0
connect_276.jpg, 0, 1, 1, 0, 0, 0, 0, 0, 0, 0
connect_277.jpg, 0, 1, 0, 0, 0, 1, 0, 0, 0, 0
connect_278.jpg, 0, 1, 0, 0, 1, 1, 0, 0, 0, 0
connect_279.jpg, 0, 1, 1, 0, 0, 0, 0, 0, 0, 0
connect_280.jpg, 0, 1, 0, 0, 0, 1, 0, 0, 0, 0
connect_281.jpg, 0, 1, 0, 0, 1, 1, 0, 0, 0, 0
connect_282.jpg, 0, 1, 1, 0, 0, 0, 0, 0, 0, 0
connect_283.jpg, 0, 1, 1, 0, 1, 0, 0, 1, 0, 0
connect_284.jpg, 0, 1, 0, 0, 1, 1, 0, 0, 0, 0
connect_285.jpg, 0, 1, 0, 0, 1, 1, 0, 0, 0, 0
connect_286.jpg, 0, 1, 0, 0, 1, 1, 0, 0, 0, 0
connect_287.jpg, 0, 1, 1, 0, 0, 0, 0, 0, 0, 0
connect_288.jpg, 0, 1, 1, 0, 0, 1, 1, 0, 0, 0
connect_289.jpg, 0, 1, 1, 0, 0, 1, 0, 1, 0, 0
connect_290.jpg, 0, 1, 1, 0, 0, 1, 0, 0, 0, 0
connect_291.jpg, 0, 1, 0, 0, 1, 1, 1, 0, 0, 0
connect_292.jpg, 0, 1, 1, 0, 1, 1, 0, 0, 0, 0
connect_293.jpg, 0, 1, 0, 0, 1, 1, 1, 0, 0, 0
connect_294.jpg, 0, 1, 1, 0, 0, 1, 0, 0, 0, 0
connect_295.jpg, 0, 1, 0, 0, 0, 0, 1, 0, 0, 0
connect_296.jpg, 0, 1, 0, 0, 1, 0, 0, 0, 0, 1
connect_297.jpg, 0, 0, 0, 0, 1, 1, 1, 0, 0, 0
connect_298.jpg, 0, 1, 0, 0, 1, 0, 0, 0, 0, 0
connect_299.jpg, 0, 1, 0, 0, 0, 1, 0, 0, 0, 0
connect_300.jpg, 0, 1, 0, 0, 0, 1, 1, 0, 0, 0
connect_301.jpg, 0, 1, 0, 0, 1, 1, 0, 0, 0, 0
connect_302.jpg, 0, 1, 0, 0, 1, 0, 0, 0, 0, 1
connect_303.jpg, 0, 1, 1, 0, 1, 1, 0, 0, 0, 0
connect_304.jpg, 0, 1, 1, 0, 0, 0, 0, 0, 0, 0
connect_305.jpg, 0, 1, 1, 0, 1, 1, 0, 0, 0, 0
connect_306.jpg, 0, 1, 0, 0, 0, 1, 0, 0, 0, 0
connect_307.jpg, 0, 0, 0, 0, 1, 1, 0, 0, 0, 1
connect_308.jpg, 0, 0, 1, 0, 0, 1, 0, 0, 0, 1
connect_309.jpg, 0, 1, 0, 0, 0, 1, 0, 0, 0, 1
connect_310.jpg, 0, 0, 0, 0, 1, 1, 0, 0, 0, 1
connect_311.jpg, 0, 1, 0, 0, 0, 0, 0, 0, 0, 0
connect_312.jpg, 0, 1, 0, 0, 0, 0, 1, 0, 0, 0
connect_313.jpg, 0, 1, 0, 0, 1, 0, 1, 0, 0, 0
connect_314.jpg, 0, 1, 1, 0, 0, 0, 1, 0, 0, 0
connect_315.jpg, 0, 1, 0, 0, 0, 0, 1, 0, 0, 1
connect_316.jpg, 0, 1, 0, 0, 0, 1, 1, 0, 0, 0
connect_317.jpg, 0, 1, 0, 0, 0, 1, 0, 0, 0, 1
connect_318.jpg, 0, 1, 0, 0, 0, 0, 1, 0, 0, 1
connect_319.jpg, 0, 1, 0, 0, 0, 1, 0, 0, 0, 1
connect_320.jpg, 0, 1, 0, 0, 0, 1, 0, 0, 0, 1
connect_321.jpg, 0, 0, 0, 0, 1, 1, 0, 0, 0, 1
connect_322.jpg, 0, 1, 1, 0, 0, 0, 1, 0, 0, 0
connect_323.jpg, 0, 1, 0, 0, 1, 1, 0, 0, 0, 1
connect_324.jpg, 0, 0, 1, 0, 0, 0, 1, 0, 0, 1
connect_325.jpg, 0, 0, 0, 0, 0, 0, 1, 0, 0, 1
connect_326.jpg, 0, 1, 0, 0, 1, 0, 1, 0, 0, 1
connect_327.jpg, 0, 1, 1, 0, 0, 1, 0, 0, 0, 0
connect_328.jpg, 0, 0, 0, 0, 1, 1, 0, 0, 0, 0
connect_329.jpg, 0, 1, 1, 0, 0, 0, 0, 0, 0, 0
connect_330.jpg, 0, 0, 0, 0, 1, 1, 0, 0, 0, 0
connect_331.jpg, 0, 1, 0, 0, 0, 1, 0, 0, 0, 0
connect_332.jpg, 0, 1, 0, 0, 0, 1, 0, 0, 0, 0
connect_333.jpg, 0, 1, 0, 0, 0, 1, 1, 0, 0, 0
connect_334.jpg, 0, 1, 0, 0, 1, 0, 0, 0, 0, 0
connect_335.jpg, 0, 1, 0, 0, 1, 0, 1, 0, 0, 0
connect_336.jpg, 0, 1, 1, 0, 0, 1, 0, 0, 0, 0
connect_337.jpg, 0, 1, 0, 0, 0, 1, 1, 0, 0, 0
connect_338.jpg, 0, 0, 1, 0, 1, 1, 0, 0, 0, 0
connect_339.jpg, 0, 1, 1, 0, 0, 0, 0, 0, 0, 0
connect_340.jpg, 0, 1, 0, 0, 1, 1, 0, 0, 0, 0
connect_341.jpg, 0, 1, 0, 0, 1, 1, 0, 0, 0, 0
connect_342.jpg, 0, 1, 0, 0, 0, 0, 0, 0, 0, 0
connect_343.jpg, 0, 0, 1, 0, 1, 1, 0, 0, 0, 0
connect_344.jpg, 0, 1, 0, 0, 0, 0, 0, 0, 0, 0
connect_345.jpg, 0, 1, 0, 0, 0, 0, 1, 0, 0, 0
connect_346.jpg, 0, 1, 0, 0, 0, 1, 0, 1, 0, 0
connect_347.jpg, 0, 1, 1, 0, 0, 1, 0, 1, 0, 0
connect_348.jpg, 0, 1, 0, 1, 0, 0, 0, 0, 0, 0
connect_349.jpg, 0, 1, 0, 0, 0, 1, 0, 1, 0, 0
connect_350.jpg, 0, 1, 0, 0, 1, 0, 0, 1, 0, 0
connect_351.jpg, 0, 1, 0, 1, 1, 1, 0, 0, 0, 0
connect_352.jpg, 0, 1, 0, 1, 1, 0, 0, 0, 1, 0
connect_353.jpg, 0, 0, 1, 0, 1, 0, 0, 1, 0, 0
connect_354.jpg, 0, 1, 1, 0, 0, 1, 0, 0, 0, 0
connect_355.jpg, 0, 1, 0, 0, 0, 1, 0, 0, 0, 0
connect_356.jpg, 0, 1, 1, 0, 0, 1, 0, 0, 0, 0
connect_357.jpg, 0, 1, 0, 0, 0, 1, 0, 0, 0, 0
connect_358.jpg, 0, 1, 0, 0, 0, 0, 0, 0, 0, 0
connect_359.jpg, 0, 1, 1, 0, 0, 0, 0, 0, 0, 0
connect_360.jpg, 0, 1, 1, 0, 1, 0, 1, 0, 0, 0
connect_361.jpg, 0, 1, 0, 0, 1, 1, 1, 0, 0, 0
connect_362.jpg, 0, 1, 0, 0, 1, 1, 0, 0, 0, 0
connect_363.jpg, 0, 1, 0, 0, 0, 0, 1, 1, 0, 0
connect_364.jpg, 0, 1, 1, 0, 1, 0, 0, 0, 0, 0
connect_365.jpg, 0, 1, 0, 0, 0, 0, 0, 0, 0, 1
connect_366.jpg, 0, 1, 0, 0, 1, 1, 0, 0, 0, 0
connect_367.jpg, 0, 1, 0, 0, 0, 1, 1, 0, 1, 0
connect_368.jpg, 0, 0, 0, 0, 1, 1, 0, 1, 1, 0
connect_369.jpg, 0, 1, 0, 0, 1, 0, 0, 0, 1, 0
connect_370.jpg, 0, 1, 0, 0, 1, 0, 0, 0, 0, 0
connect_371.jpg, 0, 1, 0, 0, 0, 1, 0, 0, 0, 0
connect_372.jpg, 0, 1, 1, 0, 0, 1, 1, 0, 0, 0
connect_373.jpg, 0, 1, 1, 0, 0, 0, 1, 0, 0, 1
connect_374.jpg, 0, 1, 0, 0, 0, 1, 0, 1, 0, 0
connect_375.jpg, 0, 0, 0, 0, 1, 1, 0, 1, 0, 0
connect_376.jpg, 0, 0, 0, 0, 1, 1, 0, 0, 0, 1
connect_377.jpg, 0, 1, 0, 0, 1, 1, 0, 0, 0, 0
connect_378.jpg, 0, 1, 0, 0, 1, 1, 1, 0, 0, 0
connect_379.jpg, 0, 1, 0, 0, 0, 1, 1, 1, 0, 0
connect_380.jpg, 0, 1, 0, 0, 0, 1, 1, 0, 0, 0
connect_381.jpg, 0, 1, 0, 0, 0, 1, 0, 0, 0, 0
connect_382.jpg, 0, 1, 0, 0, 1, 1, 0, 0, 0, 0
connect_383.jpg, 0, 1, 0, 0, 1, 1, 0, 0, 1, 0
connect_384.jpg, 0, 0, 1, 0, 0, 0, 0, 1, 0, 0
connect_385.jpg, 0, 1, 1, 0, 1, 0, 0, 1, 0, 0
connect_386.jpg, 0, 0, 0, 0, 0, 1, 1, 1, 0, 0
connect_387.jpg, 0, 1, 1, 0, 1, 0, 0, 0, 0, 0
connect_388.jpg, 0, 1, 1, 0, 0, 1, 0, 0, 0, 0
connect_389.jpg, 0, 1, 0, 0, 1, 0, 0, 1, 0, 0
connect_390.jpg, 0, 1, 0, 0, 0, 1, 0, 1, 0, 0
connect_391.jpg, 0, 1, 0, 0, 0, 0, 1, 0, 0, 1
connect_392.jpg, 0, 1, 0, 0, 1, 1, 0, 0, 0, 0
connect_393.jpg, 0, 1, 0, 0, 0, 0, 1, 1, 0, 0
connect_394.jpg, 0, 1, 0, 0, 0, 1, 0, 1, 0, 0
connect_395.jpg, 0, 1, 0, 0, 0, 0, 0, 1, 0, 0
connect_396.jpg, 0, 0, 0, 0, 0, 1, 0, 1, 0, 0
connect_397.jpg, 0, 1, 0, 0, 0, 1, 0, 1, 0, 0
connect_398.jpg, 0, 0, 1, 0, 0, 0, 1, 1, 0, 0
connect_399.jpg, 0, 1, 0, 0, 0, 0, 0, 0, 0, 1
connect_400.jpg, 0, 1, 0, 0, 1, 0, 0, 1, 1, 0
connect_401.jpg, 0, 1, 0, 0, 0, 1, 0, 1, 0, 0
connect_402.jpg, 0, 1, 0, 0, 0, 1, 0, 0, 0, 0
connect_403.jpg, 0, 1, 1, 0, 0, 0, 0, 0, 1, 0
connect_404.jpg, 0, 1, 0, 0, 1, 1, 0, 1, 0, 0
connect_405.jpg, 0, 1, 0, 0, 0, 0, 1, 0, 1, 0
connect_406.jpg, 0, 1, 0, 0, 0, 1, 1, 0, 0, 0
connect_407.jpg, 0, 1, 0, 0, 0, 1, 0, 1, 0, 1
connect_408.jpg, 0, 1, 0, 0, 0, 1, 0, 1, 0, 0
connect_409.jpg, 0, 0, 0, 0, 0, 0, 1, 1, 0, 1
connect_410.jpg, 0, 1, 0, 0, 1, 1, 0, 0, 0, 0
connect_411.jpg, 0, 1, 1, 0, 1, 0, 0, 0, 0, 0
connect_412.jpg, 0, 1, 0, 0, 0, 0, 0, 0, 1, 0
connect_413.jpg, 0, 1, 0, 0, 1, 0, 0, 0, 0, 0
connect_414.jpg, 0, 0, 0, 0, 0, 1, 0, 0, 0, 0
connect_415.jpg, 0, 1, 0, 0, 0, 1, 0, 0, 0, 1
connect_416.jpg, 0, 1, 0, 0, 0, 1, 0, 0, 0, 0
connect_417.jpg, 0, 1, 0, 0, 0, 1, 0, 0, 0, 1
connect_418.jpg, 0, 1, 1, 0, 0, 0, 0, 0, 0, 0
connect_419.jpg, 0, 1, 0, 0, 0, 1, 0, 0, 0, 1
connect_420.jpg, 0, 1, 0, 0, 0, 1, 1, 0, 0, 1
connect_421.jpg, 0, 1, 1, 0, 0, 0, 1, 0, 0, 0
connect_422.jpg, 0, 1, 1, 0, 0, 0, 1, 0, 0, 0
connect_423.jpg, 0, 1, 0, 0, 1, 0, 1, 0, 0, 0
connect_424.jpg, 0, 1, 0, 0, 0, 0, 0, 0, 0, 0
connect_425.jpg, 0, 0, 0, 0, 1, 1, 0, 0, 0, 1
connect_426.jpg, 0, 0, 0, 0, 0, 1, 1, 0, 0, 0
connect_427.jpg, 0, 0, 0, 0, 1, 0, 0, 0, 0, 1
connect_428.jpg, 0, 1, 1, 0, 0, 1, 0, 0, 0, 0
connect_429.jpg, 0, 1, 0, 0, 0, 1, 0, 0, 0, 1
connect_430.jpg, 0, 1, 1, 0, 0, 1, 0, 0, 0, 0
connect_431.jpg, 0, 1, 0, 0, 0, 1, 0, 0, 0, 1
connect_432.jpg, 0, 1, 1, 0, 0, 0, 0, 0, 0, 0
connect_433.jpg, 0, 1, 0, 0, 1, 0, 0, 0, 0, 1
connect_434.jpg, 0, 1, 1, 0, 0, 0, 0, 0, 0, 0
connect_435.jpg, 0, 1, 0, 0, 0, 1, 1, 0, 0, 1
connect_436.jpg, 0, 1, 1, 0, 1, 0, 0, 0, 0, 1
connect_437.jpg, 0, 1, 0, 0, 1, 1, 0, 1, 0, 0
connect_438.jpg, 0, 0, 0, 0, 1, 1, 0, 1, 1, 0
connect_439.jpg, 0, 1, 0, 0, 0, 1, 0, 1, 0, 0
connect_440.jpg, 0, 1, 0, 0, 0, 0, 1, 0, 1, 0
connect_441.jpg, 0, 0, 0, 0, 0, 1, 0, 1, 0, 0
connect_442.jpg, 0, 1, 0, 0, 0, 1, 0, 1, 0, 0
connect_443.jpg, 0, 1, 0, 0, 0, 1, 0, 0, 1, 0
connect_444.jpg, 0, 1, 0, 0, 0, 0, 0, 1, 0, 0
connect_445.jpg, 0, 1, 0, 0, 1, 1, 0, 0, 0, 1
connect_446.jpg, 0, 1, 1, 0, 1, 0, 1, 0, 0, 0
connect_447.jpg, 0, 0, 0, 0, 1, 0, 1, 0, 0, 1
connect_448.jpg, 0, 1, 0, 0, 0, 0, 1, 0, 0, 0
connect_449.jpg, 0, 0, 0, 0, 0, 1, 1, 0, 0, 0
connect_450.jpg, 0, 0, 1, 0, 1, 1, 0, 0, 0, 0
connect_451.jpg, 0, 0, 1, 0, 1, 0, 1, 0, 0, 1
connect_452.jpg, 0, 1, 0, 0, 0, 1, 1, 0, 0, 1
connect_453.jpg, 0, 1, 1, 0, 0, 1, 1, 0, 0, 0
connect_454.jpg, 0, 0, 1, 0, 1, 1, 0, 0, 0, 0
connect_455.jpg, 0, 1, 1, 0, 0, 1, 1, 0, 0, 0
connect_456.jpg, 0, 1, 1, 0, 0, 0, 1, 0, 0, 0
connect_457.jpg, 0, 1, 1, 0, 0, 0, 1, 0, 0, 0
connect_458.jpg, 0, 1, 1, 0, 0, 0, 1, 0, 0, 0
connect_459.jpg, 0, 0, 0, 0, 0, 1, 1, 1, 0, 0
connect_460.jpg, 0, 0, 0, 0, 1, 1, 0, 0, 0, 1
connect_461.jpg, 0, 1, 0, 0, 0, 1, 0, 0, 0, 0
connect_462.jpg, 0, 0, 1, 0, 1, 0, 1, 0, 0, 1
connect_463.jpg, 0, 0, 1, 0, 0, 0, 1, 0, 0, 1
connect_464.jpg, 0, 1, 1, 0, 0, 1, 1, 0, 0, 0
connect_465.jpg, 0, 1, 1, 0, 0, 1, 0, 0, 0, 0
connect_466.jpg, 0, 0, 1, 0, 1, 1, 0, 0, 0, 1
connect_467.jpg, 0, 1, 1, 0, 0, 0, 0, 0, 0, 0
connect_468.jpg, 0, 1, 0, 0, 0, 0, 1, 1, 1, 0
connect_469.jpg, 0, 0, 0, 0, 0, 1, 1, 0, 1, 1
connect_470.jpg, 0, 0, 1, 0, 0, 0, 1, 1, 0, 0
connect_471.jpg, 0, 1, 0, 0, 0, 0, 1, 0, 0, 0
connect_472.jpg, 0, 1, 1, 0, 0, 0, 1, 0, 0, 0
connect_473.jpg, 0, 0, 0, 0, 1, 1, 0, 0, 0, 0
connect_474.jpg, 0, 0, 1, 0, 0, 1, 0, 1, 0, 0
connect_475.jpg, 0, 1, 0, 0, 1, 0, 0, 1, 0, 0
connect_476.jpg, 0, 1, 0, 0, 0, 1, 0, 0, 1, 0
connect_477.jpg, 0, 1, 0, 0, 0, 0, 0, 0, 0, 1
connect_478.jpg, 0, 1, 0, 0, 0, 1, 1, 0, 0, 0
connect_479.jpg, 0, 1, 0, 0, 0, 1, 0, 0, 0, 0
connect_480.jpg, 0, 1, 1, 0, 1, 1, 0, 0, 0, 0
connect_481.jpg, 0, 1, 0, 0, 0, 1, 0, 0, 0, 1
connect_482.jpg, 0, 1, 0, 0, 0, 0, 1, 0, 0, 1
connect_483.jpg, 0, 0, 1, 0, 1, 1, 0, 0, 0, 0
connect_484.jpg, 0, 0, 1, 0, 0, 1, 1, 0, 0, 0
connect_485.jpg, 0, 1, 0, 0, 0, 1, 0, 0, 0, 0
connect_486.jpg, 0, 1, 0, 0, 1, 0, 1, 0, 0, 0
connect_487.jpg, 0, 0, 1, 0, 0, 1, 0, 0, 0, 1
connect_488.jpg, 0, 1, 0, 0, 1, 0, 1, 0, 0, 0
connect_489.jpg, 0, 1, 0, 0, 0, 0, 1, 0, 0, 1
connect_490.jpg, 0, 0, 1, 0, 1, 0, 0, 0, 0, 0
connect_491.jpg, 0, 1, 1, 0, 0, 1, 0, 0, 0, 0
connect_492.jpg, 0, 1, 1, 0, 0, 0, 1, 0, 0, 0
connect_493.jpg, 0, 1, 1, 0, 0, 1, 0, 0, 0, 0
connect_494.jpg, 0, 1, 0, 0, 0, 0, 0, 0, 0, 1
connect_495.jpg, 0, 1, 1, 0, 1, 0, 0, 0, 0, 0
connect_496.jpg, 0, 0, 1, 0, 0, 1, 1, 0, 0, 1
connect_497.jpg, 0, 0, 1, 0, 0, 0, 1, 1, 0, 1
connect_498.jpg, 0, 0, 0, 0, 0, 1, 1, 0, 0, 0
connect_499.jpg, 0, 1, 0, 0, 0, 1, 1, 0, 0, 0
connect_500.jpg, 0, 1, 0, 0, 0, 1, 0, 0, 0, 0
connect_501.jpg, 0, 1, 1, 0, 0, 0, 1, 0, 0, 0
connect_502.jpg, 0, 1, 0, 0, 0, 1, 0, 0, 0, 0
connect_503.jpg, 0, 0, 1, 0, 0, 0, 0, 0, 0, 1
connect_504.jpg, 0, 1, 1, 0, 0, 0, 0, 0, 0, 1
connect_505.jpg, 0, 0, 0, 0, 0, 1, 1, 0, 0, 1
connect_506.jpg, 0, 0, 1, 0, 0, 0, 1, 0, 0, 0
connect_507.jpg, 0, 0, 1, 0, 0, 1, 1, 0, 0, 0
connect_508.jpg, 0, 1, 1, 0, 0, 1, 1, 0, 0, 0
connect_509.jpg, 0, 0, 1, 0, 0, 0, 1, 0, 0, 1
connect_510.jpg, 0, 0, 1, 0, 1, 1, 1, 0, 0, 0
connect_511.jpg, 0, 1, 1, 0, 0, 1, 0, 0, 0, 0
connect_512.jpg, 0, 1, 0, 0, 1, 0, 1, 0, 0, 0
connect_513.jpg, 0, 1, 0, 0, 0, 1, 1, 0, 0, 0
connect_514.jpg, 0, 1, 1, 0, 0, 0, 0, 0, 0, 1
connect_515.jpg, 0, 1, 1, 0, 1, 1, 0, 0, 0, 0
connect_516.jpg, 0, 0, 0, 0, 0, 1, 0, 0, 0, 1
connect_517.jpg, 0, 1, 0, 0, 0, 0, 1, 0, 0, 1
connect_518.jpg, 0, 0, 0, 0, 1, 1, 0, 0, 0, 0
connect_519.jpg, 0, 1, 0, 0, 0, 1, 0, 0, 0, 0
connect_520.jpg, 0, 0, 0, 0, 1, 1, 1, 0, 1, 0
connect_521.jpg, 0, 1, 1, 0, 0, 1, 0, 0, 0, 1
connect_522.jpg, 0, 1, 0, 0, 1, 1, 1, 0, 0, 0
connect_523.jpg, 0, 1, 1, 0, 0, 0, 1, 0, 0, 0
connect_524.jpg, 0, 1, 0, 0, 1, 0, 0, 0, 0, 1
connect_525.jpg, 0, 1, 0, 0, 0, 1, 0, 0, 0, 0
connect_526.jpg, 0, 1, 0, 0, 0, 1, 0, 0, 0, 0
connect_527.jpg, 0, 1, 1, 0, 0, 1, 0, 0, 0, 0
connect_528.jpg, 0, 0, 0, 0, 0, 1, 1, 0, 0, 0
connect_529.jpg, 0, 1, 1, 0, 0, 1, 0, 0, 0, 0
connect_530.jpg, 0, 1, 1, 0, 0, 0, 1, 0, 0, 0
connect_531.jpg, 0, 1, 0, 0, 0, 1, 0, 0, 0, 1
connect_532.jpg, 0, 1, 1, 0, 1, 0, 0, 0, 0, 0
connect_533.jpg, 0, 1, 0, 0, 0, 1, 0, 0, 0, 1
connect_534.jpg, 0, 1, 0, 0, 1, 0, 0, 0, 0, 1
connect_535.jpg, 0, 0, 0, 0, 1, 1, 1, 0, 0, 0
connect_536.jpg, 0, 0, 1, 0, 1, 0, 0, 0, 0, 1
connect_537.jpg, 0, 0, 0, 0, 0, 1, 1, 0, 0, 1
connect_538.jpg, 0, 1, 0, 0, 1, 0, 1, 0, 0, 0
connect_539.jpg, 0, 1, 0, 0, 1, 0, 1, 0, 0, 0
connect_540.jpg, 0, 1, 0, 0, 1, 1, 0, 0, 0, 1
connect_541.jpg, 0, 1, 0, 0, 0, 1, 1, 0, 0, 0
connect_542.jpg, 0, 1, 0, 0, 0, 0, 1, 0, 0, 0
connect_543.jpg, 0, 0, 0, 0, 0, 1, 0, 0, 0, 1
connect_544.jpg, 0, 1, 1, 0, 0, 1, 0, 0, 0, 0
connect_545.jpg, 0, 1, 0, 0, 1, 1, 0, 0, 0, 0
connect_546.jpg, 0, 1, 1, 0, 0, 1, 0, 0, 0, 0
connect_547.jpg, 0, 0, 1, 0, 0, 1, 0, 0, 0, 1
connect_548.jpg, 0, 0, 0, 0, 0, 1, 1, 0, 1, 0
connect_549.jpg, 0, 1, 1, 0, 0, 1, 0, 0, 0, 0
connect_550.jpg, 0, 0, 1, 0, 1, 0, 0, 0, 0, 1
connect_551.jpg, 0, 1, 0, 0, 0, 1, 0, 0, 0, 0
connect_552.jpg, 0, 0, 0, 0, 1, 1, 1, 0, 0, 1
connect_553.jpg, 0, 1, 0, 0, 1, 0, 1, 0, 0, 1
connect_554.jpg, 0, 1, 0, 0, 0, 1, 1, 0, 0, 1
connect_555.jpg, 0, 1, 0, 0, 1, 1, 1, 0, 0, 0
connect_556.jpg, 0, 1, 1, 0, 0, 1, 0, 0, 0, 0
connect_557.jpg, 0, 1, 1, 0, 0, 1, 0, 0, 0, 0
connect_558.jpg, 0, 1, 1, 0, 0, 1, 0, 0, 0, 0
connect_559.jpg, 0, 1, 0, 0, 1, 1, 0, 0, 1, 0
connect_560.jpg, 0, 1, 0, 0, 0, 1, 1, 0, 0, 0
connect_561.jpg, 0, 0, 0, 0, 0, 1, 0, 0, 1, 1
connect_562.jpg, 0, 1, 1, 0, 0, 0, 1, 0, 0, 1
connect_563.jpg, 0, 1, 1, 0, 0, 1, 0, 0, 0, 0
connect_564.jpg, 0, 1, 0, 0, 0, 1, 0, 0, 0, 0
connect_565.jpg, 0, 0, 0, 0, 1, 1, 1, 0, 0, 1
connect_566.jpg, 0, 0, 1, 0, 0, 1, 0, 0, 0, 1
connect_567.jpg, 0, 0, 0, 0, 0, 1, 0, 0, 1, 0
connect_568.jpg, 0, 1, 0, 0, 0, 0, 0, 0, 1, 0
connect_569.jpg, 0, 1, 0, 0, 1, 0, 1, 0, 0, 0
connect_570.jpg, 0, 1, 0, 0, 1, 1, 1, 0, 0, 0
connect_571.jpg, 0, 1, 0, 0, 0, 1, 0, 0, 0, 0
connect_572.jpg, 0, 1, 0, 0, 0, 1, 1, 1, 0, 0
connect_573.jpg, 0, 0, 0, 0, 0, 1, 0, 1, 0, 1
connect_574.jpg, 0, 0, 1, 0, 0, 1, 0, 0, 0, 0
connect_575.jpg, 0, 1, 1, 0, 0, 0, 1, 0, 0, 1
connect_576.jpg, 0, 1, 0, 0, 0, 1, 0, 0, 1, 1
connect_577.jpg, 0, 1, 1, 0, 0, 0, 0, 0, 0, 0
connect_578.jpg, 0, 1, 0, 1, 0, 0, 0, 0, 0, 1
connect_579.jpg, 0, 1, 0, 0, 1, 1, 0, 0, 0, 0
connect_580.jpg, 0, 0, 1, 0, 0, 1, 0, 0, 1, 1
connect_581.jpg, 0, 1, 1, 0, 0, 1, 1, 0, 0, 0
connect_582.jpg, 0, 1, 0, 1, 0, 0, 0, 0, 1, 0
connect_583.jpg, 0, 0, 0, 1, 0, 0, 0, 0, 1, 0
connect_584.jpg, 0, 1, 0, 0, 0, 0, 0, 1, 1, 1
connect_585.jpg, 0, 1, 0, 1, 0, 0, 0, 0, 1, 0
connect_586.jpg, 0, 0, 0, 1, 0, 0, 0, 1, 1, 0
connect_587.jpg, 0, 0, 0, 1, 1, 0, 0, 0, 1, 0
connect_588.jpg, 0, 0, 0, 1, 1, 0, 0, 1, 0, 0
connect_589.jpg, 0, 1, 0, 1, 0, 1, 0, 1, 0, 0
connect_590.jpg, 0, 0, 0, 1, 0, 0, 0, 1, 0, 1
connect_591.jpg, 0, 0, 0, 1, 1, 0, 0, 1, 0, 0
connect_592.jpg, 0, 0, 0, 0, 1, 1, 1, 0, 0, 0
connect_593.jpg, 0, 1, 1, 0, 1, 1, 0, 0, 0, 0
connect_594.jpg, 0, 1, 0, 0, 0, 1, 0, 0, 0, 0
connect_595.jpg, 0, 1, 0, 0, 1, 1, 1, 0, 0, 0
connect_596.jpg, 0, 1, 0, 0, 0, 0, 0, 0, 0, 1
connect_597.jpg, 0, 1, 0, 0, 1, 1, 0, 0, 0, 0
connect_598.jpg, 0, 1, 1, 0, 0, 1, 0, 0, 0, 0
connect_599.jpg, 0, 0, 0, 0, 1, 1, 1, 0, 0, 0
connect_600.jpg, 0, 0, 1, 0, 0, 0, 1, 0, 1, 1
connect_601.jpg, 0, 0, 1, 0, 0, 1, 1, 0, 0, 0
connect_602.jpg, 0, 1, 0, 0, 0, 1, 0, 0, 0, 1
connect_603.jpg, 0, 1, 0, 0, 1, 1, 0, 0, 0, 0
connect_604.jpg, 0, 1, 1, 0, 0, 0, 0, 0, 0, 1
connect_605.jpg, 0, 1, 1, 0, 0, 0, 1, 0, 0, 0
connect_606.jpg, 0, 1, 0, 0, 1, 1, 0, 0, 1, 0
connect_607.jpg, 0, 1, 1, 0, 0, 1, 1, 0, 0, 0
connect_608.jpg, 0, 1, 1, 0, 0, 0, 1, 0, 0, 1
connect_609.jpg, 0, 1, 1, 0, 0, 0, 1, 0, 0, 0
connect_610.jpg, 0, 0, 0, 0, 1, 1, 1, 1, 0, 0
connect_611.jpg, 0, 0, 0, 0, 1, 1, 1, 0, 0, 1
connect_612.jpg, 0, 0, 1, 0, 0, 1, 1, 0, 0, 0
connect_613.jpg, 0, 1, 0, 0, 0, 1, 0, 0, 0, 1
connect_614.jpg, 0, 1, 1, 0, 0, 0, 1, 0, 0, 0
connect_615.jpg, 0, 1, 0, 0, 0, 1, 1, 0, 0, 0
connect_616.jpg, 0, 1, 0, 0, 1, 0, 0, 0, 0, 0
connect_617.jpg, 0, 1, 0, 0, 0, 1, 1, 0, 0, 0
connect_618.jpg, 0, 0, 1, 0, 1, 1, 0, 0, 0, 0
connect_619.jpg, 0, 1, 0, 0, 0, 1, 1, 0, 0, 0
connect_620.jpg, 0, 0, 0, 0, 1, 1, 0, 0, 0, 1
connect_621.jpg, 0, 1, 0, 0, 0, 1, 0, 0, 0, 1
connect_622.jpg, 0, 1, 1, 0, 0, 1, 0, 0, 1, 0
connect_623.jpg, 0, 1, 0, 0, 0, 0, 1, 0, 1, 1
connect_624.jpg, 0, 0, 0, 0, 0, 1, 0, 1, 0, 1
connect_625.jpg, 0, 0, 1, 0, 0, 1, 0, 1, 0, 1
connect_626.jpg, 0, 0, 0, 0, 1, 0, 0, 0, 0, 1
connect_627.jpg, 0, 0, 1, 0, 0, 1, 1, 0, 1, 0
connect_628.jpg, 0, 0, 1, 0, 0, 0, 0, 0, 1, 1
connect_629.jpg, 0, 1, 0, 0, 0, 0, 1, 0, 0, 1
connect_630.jpg, 0, 0, 0, 0, 1, 1, 0, 0, 0, 0
connect_631.jpg, 0, 0, 1, 0, 1, 0, 1, 0, 0, 1
connect_632.jpg, 0, 0, 0, 0, 0, 1, 1, 0, 0, 0
connect_633.jpg, 0, 1, 0, 0, 1, 1, 1, 0, 0, 0
connect_634.jpg, 0, 1, 0, 0, 0, 0, 1, 0, 0, 1
connect_635.jpg, 0, 0, 0, 0, 0, 1, 1, 0, 0, 1
connect_636.jpg, 0, 0, 1, 0, 0, 0, 1, 0, 1, 1
connect_637.jpg, 0, 1, 0, 0, 0, 1, 1, 0, 0, 0
connect_638.jpg, 0, 0, 1, 0, 0, 1, 0, 0, 0, 1
connect_639.jpg, 0, 1, 0, 0, 0, 1, 1, 0, 0, 1
connect_640.jpg, 0, 0, 1, 0, 0, 0, 1, 0, 0, 0
connect_641.jpg, 0, 1, 1, 0, 0, 0, 1, 0, 0, 0
connect_642.jpg, 0, 0, 0, 0, 0, 1, 1, 0, 0, 1
connect_643.jpg, 0, 0, 0, 0, 0, 1, 0, 1, 1, 1
connect_644.jpg, 0, 1, 1, 0, 1, 0, 0, 0, 0, 0
connect_645.jpg, 0, 0, 0, 0, 0, 1, 1, 0, 0, 0
connect_646.jpg, 0, 1, 0, 0, 0, 0, 1, 1, 0, 0
connect_647.jpg, 0, 0, 1, 0, 0, 0, 0, 1, 1, 1
connect_648.jpg, 0, 1, 0, 0, 1, 0, 0, 1, 0, 0
connect_649.jpg, 0, 1, 1, 0, 0, 0, 1, 1, 0, 0
connect_650.jpg, 0, 1, 1, 0, 0, 1, 0, 0, 0, 0
connect_651.jpg, 0, 0, 1, 0, 1, 1, 0, 0, 0, 0
connect_652.jpg, 0, 1, 1, 0, 0, 1, 0, 1, 0, 0
connect_653.jpg, 0, 0, 1, 0, 0, 1, 0, 1, 1, 0
connect_654.jpg, 0, 1, 0, 0, 0, 1, 0, 0, 1, 0
connect_655.jpg, 0, 0, 0, 0, 0, 1, 1, 0, 0, 0
connect_656.jpg, 0, 1, 0, 0, 1, 0, 0, 0, 0, 1
connect_657.jpg, 0, 0, 0, 0, 0, 1, 0, 1, 1, 1
connect_658.jpg, 0, 0, 1, 0, 1, 1, 1, 0, 0, 0
connect_659.jpg, 0, 1, 1, 0, 0, 0, 0, 1, 0, 0
connect_660.jpg, 0, 0, 0, 0, 0, 1, 1, 0, 1, 0
connect_661.jpg, 0, 1, 0, 0, 0, 0, 1, 0, 1, 0
connect_662.jpg, 0, 0, 1, 0, 0, 1, 1, 0, 1, 0
connect_663.jpg, 0, 0, 1, 0, 0, 0, 1, 1, 0, 1
connect_664.jpg, 0, 0, 1, 0, 1, 0, 1, 0, 0, 0
connect_665.jpg, 0, 1, 0, 0, 0, 1, 0, 0, 0, 0
connect_666.jpg, 0, 0, 1, 1, 0, 1, 0, 1, 0, 0
connect_667.jpg, 0, 0, 0, 0, 1, 1, 0, 0, 0, 1
connect_668.jpg, 0, 1, 0, 0, 0, 1, 0, 0, 0, 0
connect_669.jpg, 0, 1, 1, 0, 0, 0, 0, 0, 0, 0
connect_670.jpg, 0, 1, 0, 0, 0, 1, 0, 0, 0, 0
connect_671.jpg, 0, 1, 1, 0, 0, 0, 0, 0, 1, 0
connect_672.jpg, 0, 1, 1, 0, 0, 0, 0, 0, 0, 0
